{
  "generatedAt": "2025-12-02T19:26:54.714Z",
  "yearsIncluded": [2025, 2026],
  "countries": [
    {
      "code": "US",
      "name": "United States",
      "holidays": [
        {
          "id": "new_years_day",
          "name": "New Year's Day",
          "type": "public",
          "dates": [
            {
              "year": 2025,
              "date": "2025-01-01"
            },
            {
              "year": 2026,
              "date": "2026-01-01"
            }
          ]
        },
        {
          "id": "martin_luther_king_jr_day",
          "name": "Martin Luther King Jr. Day",
          "type": "public",
          "dates": [
            {
              "year": 2025,
              "date": "2025-01-20"
            },
            {
              "year": 2026,
              "date": "2026-01-19"
            }
          ]
        },
        {
          "id": "washingtons_birthday",
          "name": "Washington's Birthday",
          "type": "public",
          "dates": [
            {
              "year": 2025,
              "date": "2025-02-17"
            },
            {
              "year": 2026,
              "date": "2026-02-16"
            }
          ]
        },
        {
          "id": "memorial_day",
          "name": "Memorial Day",
          "type": "public",
          "dates": [
            {
              "year": 2025,
              "date": "2025-05-26"
            },
            {
              "year": 2026,
              "date": "2026-05-25"
            }
          ]
        },
        {
          "id": "juneteenth",
          "name": "Juneteenth",
          "type": "public",
          "dates": [
            {
              "year": 2025,
              "date": "2025-06-19"
            },
            {
              "year": 2026,
              "date": "2026-06-19"
            }
          ]
        },
        {
          "id": "independence_day",
          "name": "Independence Day",
          "type": "public",
          "dates": [
            {
              "year": 2025,
              "date": "2025-07-04"
            },
            {
              "year": 2026,
              "date": "2026-07-04"
            }
          ]
        },
        {
          "id": "labor_day",
          "name": "Labor Day",
          "type": "public",
          "dates": [
            {
              "year": 2025,
              "date": "2025-09-01"
            },
            {
              "year": 2026,
              "date": "2026-09-07"
            }
          ]
        },
        {
          "id": "columbus_day",
          "name": "Columbus Day",
          "type": "public",
          "dates": [
            {
              "year": 2025,
              "date": "2025-10-13"
            },
            {
              "year": 2026,
              "date": "2026-10-12"
            }
          ]
        },
        {
          "id": "veterans_day",
          "name": "Veterans Day",
          "type": "public",
          "dates": [
            {
              "year": 2025,
              "date": "2025-11-11"
            },
            {
              "year": 2026,
              "date": "2026-11-11"
            }
          ]
        },
        {
          "id": "thanksgiving_day",
          "name": "Thanksgiving Day",
          "type": "public",
          "dates": [
            {
              "year": 2025,
              "date": "2025-11-27"
            },
            {
              "year": 2026,
              "date": "2026-11-26"
            }
          ]
        },
        {
          "id": "christmas_day",
          "name": "Christmas Day",
          "type": "public",
          "dates": [
            {
              "year": 2025,
              "date": "2025-12-25"
            },
            {
              "year": 2026,
              "date": "2026-12-25"
            }
          ]
        },
        {
          "id": "independence_day_substitute_day",
          "name": "Independence Day (substitute day)",
          "type": "public",
          "dates": [
            {
              "year": 2026,
              "date": "2026-07-03"
            }
          ]
        }
      ]
    },
    {
      "code": "GB",
      "name": "United Kingdom",
      "holidays": [
        {
          "id": "new_years_day",
          "name": "New Year's Day",
          "type": "public",
          "dates": [
            {
              "year": 2025,
              "date": "2025-01-01"
            },
            {
              "year": 2026,
              "date": "2026-01-01"
            }
          ]
        },
        {
          "id": "good_friday",
          "name": "Good Friday",
          "type": "public",
          "dates": [
            {
              "year": 2025,
              "date": "2025-04-18"
            },
            {
              "year": 2026,
              "date": "2026-04-03"
            }
          ]
        },
        {
          "id": "easter_monday",
          "name": "Easter Monday",
          "type": "public",
          "dates": [
            {
              "year": 2025,
              "date": "2025-04-21"
            },
            {
              "year": 2026,
              "date": "2026-04-06"
            }
          ]
        },
        {
          "id": "early_may_bank_holiday",
          "name": "Early May bank holiday",
          "type": "public",
          "dates": [
            {
              "year": 2025,
              "date": "2025-05-05"
            },
            {
              "year": 2026,
              "date": "2026-05-04"
            }
          ]
        },
        {
          "id": "spring_bank_holiday",
          "name": "Spring bank holiday",
          "type": "public",
          "dates": [
            {
              "year": 2025,
              "date": "2025-05-26"
            },
            {
              "year": 2026,
              "date": "2026-05-25"
            }
          ]
        },
        {
          "id": "christmas_day",
          "name": "Christmas Day",
          "type": "public",
          "dates": [
            {
              "year": 2025,
              "date": "2025-12-25"
            },
            {
              "year": 2026,
              "date": "2026-12-25"
            }
          ]
        },
        {
          "id": "boxing_day",
          "name": "Boxing Day",
          "type": "public",
          "dates": [
            {
              "year": 2025,
              "date": "2025-12-26"
            },
            {
              "year": 2026,
              "date": "2026-12-26"
            }
          ]
        },
        {
          "id": "boxing_day_substitute_day",
          "name": "Boxing Day (substitute day)",
          "type": "public",
          "dates": [
            {
              "year": 2026,
              "date": "2026-12-28"
            }
          ]
        }
      ]
    },
    {
      "code": "CA",
      "name": "Canada",
      "holidays": [
        {
          "id": "new_years_day",
          "name": "New Year's Day",
          "type": "public",
          "dates": [
            {
              "year": 2025,
              "date": "2025-01-01"
            },
            {
              "year": 2026,
              "date": "2026-01-01"
            }
          ]
        },
        {
          "id": "good_friday",
          "name": "Good Friday",
          "type": "public",
          "dates": [
            {
              "year": 2025,
              "date": "2025-04-18"
            },
            {
              "year": 2026,
              "date": "2026-04-03"
            }
          ]
        },
        {
          "id": "easter_sunday",
          "name": "Easter Sunday",
          "type": "public",
          "dates": [
            {
              "year": 2025,
              "date": "2025-04-20"
            },
            {
              "year": 2026,
              "date": "2026-04-05"
            }
          ]
        },
        {
          "id": "victoria_day",
          "name": "Victoria Day",
          "type": "public",
          "dates": [
            {
              "year": 2025,
              "date": "2025-05-19"
            },
            {
              "year": 2026,
              "date": "2026-05-18"
            }
          ]
        },
        {
          "id": "canada_day",
          "name": "Canada Day",
          "type": "public",
          "dates": [
            {
              "year": 2025,
              "date": "2025-07-01"
            },
            {
              "year": 2026,
              "date": "2026-07-01"
            }
          ]
        },
        {
          "id": "civic_holiday",
          "name": "Civic Holiday",
          "type": "public",
          "dates": [
            {
              "year": 2025,
              "date": "2025-08-04"
            },
            {
              "year": 2026,
              "date": "2026-08-03"
            }
          ]
        },
        {
          "id": "labour_day",
          "name": "Labour Day",
          "type": "public",
          "dates": [
            {
              "year": 2025,
              "date": "2025-09-01"
            },
            {
              "year": 2026,
              "date": "2026-09-07"
            }
          ]
        },
        {
          "id": "national_day_for_truth_and_reconciliation",
          "name": "National Day for Truth and Reconciliation",
          "type": "public",
          "dates": [
            {
              "year": 2025,
              "date": "2025-09-30"
            },
            {
              "year": 2026,
              "date": "2026-09-30"
            }
          ]
        },
        {
          "id": "thanksgiving",
          "name": "Thanksgiving",
          "type": "public",
          "dates": [
            {
              "year": 2025,
              "date": "2025-10-13"
            },
            {
              "year": 2026,
              "date": "2026-10-12"
            }
          ]
        },
        {
          "id": "remembrance_day",
          "name": "Remembrance Day",
          "type": "public",
          "dates": [
            {
              "year": 2025,
              "date": "2025-11-11"
            },
            {
              "year": 2026,
              "date": "2026-11-11"
            }
          ]
        },
        {
          "id": "christmas_day",
          "name": "Christmas Day",
          "type": "public",
          "dates": [
            {
              "year": 2025,
              "date": "2025-12-25"
            },
            {
              "year": 2026,
              "date": "2026-12-25"
            }
          ]
        },
        {
          "id": "boxing_day",
          "name": "Boxing Day",
          "type": "public",
          "dates": [
            {
              "year": 2025,
              "date": "2025-12-26"
            },
            {
              "year": 2026,
              "date": "2026-12-26"
            }
          ]
        }
      ]
    },
    {
      "code": "AU",
      "name": "Australia",
      "holidays": [
        {
          "id": "new_years_day",
          "name": "New Year's Day",
          "type": "public",
          "dates": [
            {
              "year": 2025,
              "date": "2025-01-01"
            },
            {
              "year": 2026,
              "date": "2026-01-01"
            }
          ]
        },
        {
          "id": "australia_day",
          "name": "Australia Day",
          "type": "public",
          "dates": [
            {
              "year": 2025,
              "date": "2025-01-27"
            },
            {
              "year": 2026,
              "date": "2026-01-26"
            }
          ]
        },
        {
          "id": "good_friday",
          "name": "Good Friday",
          "type": "public",
          "dates": [
            {
              "year": 2025,
              "date": "2025-04-18"
            },
            {
              "year": 2026,
              "date": "2026-04-03"
            }
          ]
        },
        {
          "id": "easter_saturday",
          "name": "Easter Saturday",
          "type": "public",
          "dates": [
            {
              "year": 2025,
              "date": "2025-04-19"
            },
            {
              "year": 2026,
              "date": "2026-04-04"
            }
          ]
        },
        {
          "id": "easter_sunday",
          "name": "Easter Sunday",
          "type": "public",
          "dates": [
            {
              "year": 2025,
              "date": "2025-04-20"
            },
            {
              "year": 2026,
              "date": "2026-04-05"
            }
          ]
        },
        {
          "id": "easter_monday",
          "name": "Easter Monday",
          "type": "public",
          "dates": [
            {
              "year": 2025,
              "date": "2025-04-21"
            },
            {
              "year": 2026,
              "date": "2026-04-06"
            }
          ]
        },
        {
          "id": "anzac_day",
          "name": "Anzac Day",
          "type": "public",
          "dates": [
            {
              "year": 2025,
              "date": "2025-04-25"
            },
            {
              "year": 2026,
              "date": "2026-04-25"
            }
          ]
        },
        {
          "id": "christmas_day",
          "name": "Christmas Day",
          "type": "public",
          "dates": [
            {
              "year": 2025,
              "date": "2025-12-25"
            },
            {
              "year": 2026,
              "date": "2026-12-25"
            }
          ]
        },
        {
          "id": "boxing_day",
          "name": "Boxing Day",
          "type": "public",
          "dates": [
            {
              "year": 2025,
              "date": "2025-12-26"
            },
            {
              "year": 2026,
              "date": "2026-12-26"
            }
          ]
        },
        {
          "id": "boxing_day_substitute_day",
          "name": "Boxing Day (substitute day)",
          "type": "public",
          "dates": [
            {
              "year": 2026,
              "date": "2026-12-28"
            }
          ]
        }
      ]
    },
    {
      "code": "DE",
      "name": "Germany",
      "holidays": [
        {
          "id": "neujahr",
          "name": "Neujahr",
          "type": "public",
          "dates": [
            {
              "year": 2025,
              "date": "2025-01-01"
            },
            {
              "year": 2026,
              "date": "2026-01-01"
            }
          ]
        },
        {
          "id": "karfreitag",
          "name": "Karfreitag",
          "type": "public",
          "dates": [
            {
              "year": 2025,
              "date": "2025-04-18"
            },
            {
              "year": 2026,
              "date": "2026-04-03"
            }
          ]
        },
        {
          "id": "ostermontag",
          "name": "Ostermontag",
          "type": "public",
          "dates": [
            {
              "year": 2025,
              "date": "2025-04-21"
            },
            {
              "year": 2026,
              "date": "2026-04-06"
            }
          ]
        },
        {
          "id": "maifeiertag",
          "name": "Maifeiertag",
          "type": "public",
          "dates": [
            {
              "year": 2025,
              "date": "2025-05-01"
            },
            {
              "year": 2026,
              "date": "2026-05-01"
            }
          ]
        },
        {
          "id": "christi_himmelfahrt",
          "name": "Christi Himmelfahrt",
          "type": "public",
          "dates": [
            {
              "year": 2025,
              "date": "2025-05-29"
            },
            {
              "year": 2026,
              "date": "2026-05-14"
            }
          ]
        },
        {
          "id": "pfingstmontag",
          "name": "Pfingstmontag",
          "type": "public",
          "dates": [
            {
              "year": 2025,
              "date": "2025-06-09"
            },
            {
              "year": 2026,
              "date": "2026-05-25"
            }
          ]
        },
        {
          "id": "tag_der_deutschen_einheit",
          "name": "Tag der Deutschen Einheit",
          "type": "public",
          "dates": [
            {
              "year": 2025,
              "date": "2025-10-03"
            },
            {
              "year": 2026,
              "date": "2026-10-03"
            }
          ]
        },
        {
          "id": "1_weihnachtstag",
          "name": "1. Weihnachtstag",
          "type": "public",
          "dates": [
            {
              "year": 2025,
              "date": "2025-12-25"
            },
            {
              "year": 2026,
              "date": "2026-12-25"
            }
          ]
        },
        {
          "id": "2_weihnachtstag",
          "name": "2. Weihnachtstag",
          "type": "public",
          "dates": [
            {
              "year": 2025,
              "date": "2025-12-26"
            },
            {
              "year": 2026,
              "date": "2026-12-26"
            }
          ]
        }
      ]
    },
    {
      "code": "FR",
      "name": "France",
      "holidays": [
        {
          "id": "nouvel_an",
          "name": "Nouvel An",
          "type": "public",
          "dates": [
            {
              "year": 2025,
              "date": "2025-01-01"
            },
            {
              "year": 2026,
              "date": "2026-01-01"
            }
          ]
        },
        {
          "id": "lundi_de_pques",
          "name": "Lundi de Pâques",
          "type": "public",
          "dates": [
            {
              "year": 2025,
              "date": "2025-04-21"
            },
            {
              "year": 2026,
              "date": "2026-04-06"
            }
          ]
        },
        {
          "id": "fte_du_travail",
          "name": "Fête du travail",
          "type": "public",
          "dates": [
            {
              "year": 2025,
              "date": "2025-05-01"
            },
            {
              "year": 2026,
              "date": "2026-05-01"
            }
          ]
        },
        {
          "id": "fte_de_la_victoire_1945",
          "name": "Fête de la Victoire 1945",
          "type": "public",
          "dates": [
            {
              "year": 2025,
              "date": "2025-05-08"
            },
            {
              "year": 2026,
              "date": "2026-05-08"
            }
          ]
        },
        {
          "id": "ascension",
          "name": "Ascension",
          "type": "public",
          "dates": [
            {
              "year": 2025,
              "date": "2025-05-29"
            },
            {
              "year": 2026,
              "date": "2026-05-14"
            }
          ]
        },
        {
          "id": "lundi_de_pentecte",
          "name": "Lundi de Pentecôte",
          "type": "public",
          "dates": [
            {
              "year": 2025,
              "date": "2025-06-09"
            },
            {
              "year": 2026,
              "date": "2026-05-25"
            }
          ]
        },
        {
          "id": "fte_nationale_de_la_france",
          "name": "Fête Nationale de la France",
          "type": "public",
          "dates": [
            {
              "year": 2025,
              "date": "2025-07-14"
            },
            {
              "year": 2026,
              "date": "2026-07-14"
            }
          ]
        },
        {
          "id": "assomption",
          "name": "Assomption",
          "type": "public",
          "dates": [
            {
              "year": 2025,
              "date": "2025-08-15"
            },
            {
              "year": 2026,
              "date": "2026-08-15"
            }
          ]
        },
        {
          "id": "toussaint",
          "name": "Toussaint",
          "type": "public",
          "dates": [
            {
              "year": 2025,
              "date": "2025-11-01"
            },
            {
              "year": 2026,
              "date": "2026-11-01"
            }
          ]
        },
        {
          "id": "armistice_1918",
          "name": "Armistice 1918",
          "type": "public",
          "dates": [
            {
              "year": 2025,
              "date": "2025-11-11"
            },
            {
              "year": 2026,
              "date": "2026-11-11"
            }
          ]
        },
        {
          "id": "nol",
          "name": "Noël",
          "type": "public",
          "dates": [
            {
              "year": 2025,
              "date": "2025-12-25"
            },
            {
              "year": 2026,
              "date": "2026-12-25"
            }
          ]
        }
      ]
    },
    {
      "code": "ES",
      "name": "Spain",
      "holidays": [
        {
          "id": "ao_nuevo",
          "name": "Año Nuevo",
          "type": "public",
          "dates": [
            {
              "year": 2025,
              "date": "2025-01-01"
            },
            {
              "year": 2026,
              "date": "2026-01-01"
            }
          ]
        },
        {
          "id": "da_de_los_reyes_magos",
          "name": "Día de los Reyes Magos",
          "type": "public",
          "dates": [
            {
              "year": 2025,
              "date": "2025-01-06"
            },
            {
              "year": 2026,
              "date": "2026-01-06"
            }
          ]
        },
        {
          "id": "jueves_santo",
          "name": "Jueves Santo",
          "type": "public",
          "dates": [
            {
              "year": 2025,
              "date": "2025-04-17"
            },
            {
              "year": 2026,
              "date": "2026-04-02"
            }
          ]
        },
        {
          "id": "viernes_santo",
          "name": "Viernes Santo",
          "type": "public",
          "dates": [
            {
              "year": 2025,
              "date": "2025-04-18"
            },
            {
              "year": 2026,
              "date": "2026-04-03"
            }
          ]
        },
        {
          "id": "da_del_trabajador",
          "name": "Día del Trabajador",
          "type": "public",
          "dates": [
            {
              "year": 2025,
              "date": "2025-05-01"
            },
            {
              "year": 2026,
              "date": "2026-05-01"
            }
          ]
        },
        {
          "id": "asuncin",
          "name": "Asunción",
          "type": "public",
          "dates": [
            {
              "year": 2025,
              "date": "2025-08-15"
            },
            {
              "year": 2026,
              "date": "2026-08-15"
            }
          ]
        },
        {
          "id": "fiesta_nacional_de_espaa",
          "name": "Fiesta Nacional de España",
          "type": "public",
          "dates": [
            {
              "year": 2025,
              "date": "2025-10-12"
            },
            {
              "year": 2026,
              "date": "2026-10-12"
            }
          ]
        },
        {
          "id": "todos_los_santos",
          "name": "Todos los Santos",
          "type": "public",
          "dates": [
            {
              "year": 2025,
              "date": "2025-11-01"
            },
            {
              "year": 2026,
              "date": "2026-11-01"
            }
          ]
        },
        {
          "id": "da_de_la_constitucin_espaola",
          "name": "Día de la Constitución Española",
          "type": "public",
          "dates": [
            {
              "year": 2025,
              "date": "2025-12-06"
            },
            {
              "year": 2026,
              "date": "2026-12-06"
            }
          ]
        },
        {
          "id": "la_inmaculada_concepcin",
          "name": "La inmaculada concepción",
          "type": "public",
          "dates": [
            {
              "year": 2025,
              "date": "2025-12-08"
            },
            {
              "year": 2026,
              "date": "2026-12-08"
            }
          ]
        },
        {
          "id": "navidad",
          "name": "Navidad",
          "type": "public",
          "dates": [
            {
              "year": 2025,
              "date": "2025-12-25"
            },
            {
              "year": 2026,
              "date": "2026-12-25"
            }
          ]
        }
      ]
    },
    {
      "code": "NL",
      "name": "Netherlands",
      "holidays": [
        {
          "id": "nieuwjaar",
          "name": "Nieuwjaar",
          "type": "public",
          "dates": [
            {
              "year": 2025,
              "date": "2025-01-01"
            },
            {
              "year": 2026,
              "date": "2026-01-01"
            }
          ]
        },
        {
          "id": "pasen",
          "name": "Pasen",
          "type": "public",
          "dates": [
            {
              "year": 2025,
              "date": "2025-04-20"
            },
            {
              "year": 2026,
              "date": "2026-04-05"
            }
          ]
        },
        {
          "id": "tweede_paasdag",
          "name": "Tweede paasdag",
          "type": "public",
          "dates": [
            {
              "year": 2025,
              "date": "2025-04-21"
            },
            {
              "year": 2026,
              "date": "2026-04-06"
            }
          ]
        },
        {
          "id": "koningsdag",
          "name": "Koningsdag",
          "type": "public",
          "dates": [
            {
              "year": 2025,
              "date": "2025-04-26"
            },
            {
              "year": 2026,
              "date": "2026-04-27"
            }
          ]
        },
        {
          "id": "hemelvaartsdag",
          "name": "Hemelvaartsdag",
          "type": "public",
          "dates": [
            {
              "year": 2025,
              "date": "2025-05-29"
            },
            {
              "year": 2026,
              "date": "2026-05-14"
            }
          ]
        },
        {
          "id": "pinksteren",
          "name": "Pinksteren",
          "type": "public",
          "dates": [
            {
              "year": 2025,
              "date": "2025-06-08"
            },
            {
              "year": 2026,
              "date": "2026-05-24"
            }
          ]
        },
        {
          "id": "tweede_pinksterdag",
          "name": "Tweede pinksterdag",
          "type": "public",
          "dates": [
            {
              "year": 2025,
              "date": "2025-06-09"
            },
            {
              "year": 2026,
              "date": "2026-05-25"
            }
          ]
        },
        {
          "id": "kerstmis",
          "name": "Kerstmis",
          "type": "public",
          "dates": [
            {
              "year": 2025,
              "date": "2025-12-25"
            },
            {
              "year": 2026,
              "date": "2026-12-25"
            }
          ]
        },
        {
          "id": "tweede_kerstdag",
          "name": "Tweede kerstdag",
          "type": "public",
          "dates": [
            {
              "year": 2025,
              "date": "2025-12-26"
            },
            {
              "year": 2026,
              "date": "2026-12-26"
            }
          ]
        }
      ]
    },
    {
      "code": "IT",
      "name": "Italy",
      "holidays": [
        {
          "id": "capodanno",
          "name": "Capodanno",
          "type": "public",
          "dates": [
            {
              "year": 2025,
              "date": "2025-01-01"
            },
            {
              "year": 2026,
              "date": "2026-01-01"
            }
          ]
        },
        {
          "id": "befana",
          "name": "Befana",
          "type": "public",
          "dates": [
            {
              "year": 2025,
              "date": "2025-01-06"
            },
            {
              "year": 2026,
              "date": "2026-01-06"
            }
          ]
        },
        {
          "id": "domenica_di_pasqua",
          "name": "Domenica di Pasqua",
          "type": "public",
          "dates": [
            {
              "year": 2025,
              "date": "2025-04-20"
            },
            {
              "year": 2026,
              "date": "2026-04-05"
            }
          ]
        },
        {
          "id": "luned_dellangelo",
          "name": "Lunedì dell’Angelo",
          "type": "public",
          "dates": [
            {
              "year": 2025,
              "date": "2025-04-21"
            },
            {
              "year": 2026,
              "date": "2026-04-06"
            }
          ]
        },
        {
          "id": "anniversario_della_liberazione",
          "name": "Anniversario della Liberazione",
          "type": "public",
          "dates": [
            {
              "year": 2025,
              "date": "2025-04-25"
            },
            {
              "year": 2026,
              "date": "2026-04-25"
            }
          ]
        },
        {
          "id": "festa_del_lavoro",
          "name": "Festa del Lavoro",
          "type": "public",
          "dates": [
            {
              "year": 2025,
              "date": "2025-05-01"
            },
            {
              "year": 2026,
              "date": "2026-05-01"
            }
          ]
        },
        {
          "id": "festa_della_repubblica",
          "name": "Festa della Repubblica",
          "type": "public",
          "dates": [
            {
              "year": 2025,
              "date": "2025-06-02"
            },
            {
              "year": 2026,
              "date": "2026-06-02"
            }
          ]
        },
        {
          "id": "ferragosto",
          "name": "Ferragosto",
          "type": "public",
          "dates": [
            {
              "year": 2025,
              "date": "2025-08-15"
            },
            {
              "year": 2026,
              "date": "2026-08-15"
            }
          ]
        },
        {
          "id": "ognissanti",
          "name": "Ognissanti",
          "type": "public",
          "dates": [
            {
              "year": 2025,
              "date": "2025-11-01"
            },
            {
              "year": 2026,
              "date": "2026-11-01"
            }
          ]
        },
        {
          "id": "immacolata_concezione",
          "name": "Immacolata Concezione",
          "type": "public",
          "dates": [
            {
              "year": 2025,
              "date": "2025-12-08"
            },
            {
              "year": 2026,
              "date": "2026-12-08"
            }
          ]
        },
        {
          "id": "natale",
          "name": "Natale",
          "type": "public",
          "dates": [
            {
              "year": 2025,
              "date": "2025-12-25"
            },
            {
              "year": 2026,
              "date": "2026-12-25"
            }
          ]
        },
        {
          "id": "santo_stefano",
          "name": "Santo Stefano",
          "type": "public",
          "dates": [
            {
              "year": 2025,
              "date": "2025-12-26"
            },
            {
              "year": 2026,
              "date": "2026-12-26"
            }
          ]
        },
        {
          "id": "san_francesco_dassisi",
          "name": "San Francesco d'Assisi",
          "type": "public",
          "dates": [
            {
              "year": 2026,
              "date": "2026-10-04"
            }
          ]
        }
      ]
    },
    {
      "code": "BR",
      "name": "Brazil",
      "holidays": [
        {
          "id": "ano_novo",
          "name": "Ano Novo",
          "type": "public",
          "dates": [
            {
              "year": 2025,
              "date": "2025-01-01"
            },
            {
              "year": 2026,
              "date": "2026-01-01"
            }
          ]
        },
        {
          "id": "sextafeira_santa",
          "name": "Sexta-Feira Santa",
          "type": "public",
          "dates": [
            {
              "year": 2025,
              "date": "2025-04-18"
            },
            {
              "year": 2026,
              "date": "2026-04-03"
            }
          ]
        },
        {
          "id": "dia_de_tiradentes",
          "name": "Dia de Tiradentes",
          "type": "public",
          "dates": [
            {
              "year": 2025,
              "date": "2025-04-21"
            },
            {
              "year": 2026,
              "date": "2026-04-21"
            }
          ]
        },
        {
          "id": "dia_do_trabalhador",
          "name": "Dia do trabalhador",
          "type": "public",
          "dates": [
            {
              "year": 2025,
              "date": "2025-05-01"
            },
            {
              "year": 2026,
              "date": "2026-05-01"
            }
          ]
        },
        {
          "id": "dia_da_independncia",
          "name": "Dia da Independência",
          "type": "public",
          "dates": [
            {
              "year": 2025,
              "date": "2025-09-07"
            },
            {
              "year": 2026,
              "date": "2026-09-07"
            }
          ]
        },
        {
          "id": "nossa_senhora_aparecida",
          "name": "Nossa Senhora Aparecida",
          "type": "public",
          "dates": [
            {
              "year": 2025,
              "date": "2025-10-12"
            },
            {
              "year": 2026,
              "date": "2026-10-12"
            }
          ]
        },
        {
          "id": "dia_de_finados",
          "name": "Dia de Finados",
          "type": "public",
          "dates": [
            {
              "year": 2025,
              "date": "2025-11-02"
            },
            {
              "year": 2026,
              "date": "2026-11-02"
            }
          ]
        },
        {
          "id": "proclamao_da_repblica",
          "name": "Proclamação da República",
          "type": "public",
          "dates": [
            {
              "year": 2025,
              "date": "2025-11-15"
            },
            {
              "year": 2026,
              "date": "2026-11-15"
            }
          ]
        },
        {
          "id": "dia_da_conscincia_negra",
          "name": "Dia da Consciência Negra",
          "type": "public",
          "dates": [
            {
              "year": 2025,
              "date": "2025-11-20"
            },
            {
              "year": 2026,
              "date": "2026-11-20"
            }
          ]
        },
        {
          "id": "natal",
          "name": "Natal",
          "type": "public",
          "dates": [
            {
              "year": 2025,
              "date": "2025-12-25"
            },
            {
              "year": 2026,
              "date": "2026-12-25"
            }
          ]
        },
        {
          "id": "dia_de_eleio",
          "name": "Dia de Eleição",
          "type": "public",
          "dates": [
            {
              "year": 2026,
              "date": "2026-10-04"
            },
            {
              "year": 2026,
              "date": "2026-10-25"
            }
          ]
        }
      ]
    },
    {
      "code": "MX",
      "name": "Mexico",
      "holidays": [
        {
          "id": "ao_nuevo",
          "name": "Año Nuevo",
          "type": "public",
          "dates": [
            {
              "year": 2025,
              "date": "2025-01-01"
            },
            {
              "year": 2026,
              "date": "2026-01-01"
            }
          ]
        },
        {
          "id": "da_de_la_constitucin",
          "name": "Día de la Constitución",
          "type": "public",
          "dates": [
            {
              "year": 2025,
              "date": "2025-02-03"
            },
            {
              "year": 2026,
              "date": "2026-02-02"
            }
          ]
        },
        {
          "id": "natalicio_de_benito_jurez",
          "name": "Natalicio de Benito Juárez",
          "type": "public",
          "dates": [
            {
              "year": 2025,
              "date": "2025-03-17"
            },
            {
              "year": 2026,
              "date": "2026-03-16"
            }
          ]
        },
        {
          "id": "da_del_trabajador",
          "name": "Día del Trabajador",
          "type": "public",
          "dates": [
            {
              "year": 2025,
              "date": "2025-05-01"
            },
            {
              "year": 2026,
              "date": "2026-05-01"
            }
          ]
        },
        {
          "id": "da_de_la_independencia",
          "name": "Día de la Independencia",
          "type": "public",
          "dates": [
            {
              "year": 2025,
              "date": "2025-09-16"
            },
            {
              "year": 2026,
              "date": "2026-09-16"
            }
          ]
        },
        {
          "id": "da_de_la_revolucin",
          "name": "Día de la Revolución",
          "type": "public",
          "dates": [
            {
              "year": 2025,
              "date": "2025-11-17"
            },
            {
              "year": 2026,
              "date": "2026-11-16"
            }
          ]
        },
        {
          "id": "navidad",
          "name": "Navidad",
          "type": "public",
          "dates": [
            {
              "year": 2025,
              "date": "2025-12-25"
            },
            {
              "year": 2026,
              "date": "2026-12-25"
            }
          ]
        }
      ]
    },
    {
      "code": "IN",
      "name": "India",
      "holidays": [
        {
          "id": "republic_day",
          "name": "Republic Day",
          "type": "public",
          "dates": [
            {
              "year": 2025,
              "date": "2025-01-26"
            },
            {
              "year": 2026,
              "date": "2026-01-26"
            }
          ]
        },
        {
          "id": "ambedkar_jayanti",
          "name": "Ambedkar Jayanti",
          "type": "public",
          "dates": [
            {
              "year": 2025,
              "date": "2025-04-14"
            },
            {
              "year": 2026,
              "date": "2026-04-14"
            }
          ]
        },
        {
          "id": "good_friday",
          "name": "Good Friday",
          "type": "public",
          "dates": [
            {
              "year": 2025,
              "date": "2025-04-18"
            },
            {
              "year": 2026,
              "date": "2026-04-03"
            }
          ]
        },
        {
          "id": "independence_day",
          "name": "Independence Day",
          "type": "public",
          "dates": [
            {
              "year": 2025,
              "date": "2025-08-15"
            },
            {
              "year": 2026,
              "date": "2026-08-15"
            }
          ]
        },
        {
          "id": "gandhi_jayanti",
          "name": "Gandhi Jayanti",
          "type": "public",
          "dates": [
            {
              "year": 2025,
              "date": "2025-10-02"
            },
            {
              "year": 2026,
              "date": "2026-10-02"
            }
          ]
        },
        {
          "id": "christmas_day",
          "name": "Christmas Day",
          "type": "public",
          "dates": [
            {
              "year": 2025,
              "date": "2025-12-25"
            },
            {
              "year": 2026,
              "date": "2026-12-25"
            }
          ]
        }
      ]
    },
    {
      "code": "IE",
      "name": "Ireland",
      "holidays": [
        {
          "id": "new_years_day",
          "name": "New Year's Day",
          "type": "public",
          "dates": [
            {
              "year": 2025,
              "date": "2025-01-01"
            },
            {
              "year": 2026,
              "date": "2026-01-01"
            }
          ]
        },
        {
          "id": "st_brigids_day",
          "name": "St. Brigid’s Day",
          "type": "public",
          "dates": [
            {
              "year": 2025,
              "date": "2025-02-03"
            },
            {
              "year": 2026,
              "date": "2026-02-02"
            }
          ]
        },
        {
          "id": "st_patricks_day",
          "name": "St. Patrick’s Day",
          "type": "public",
          "dates": [
            {
              "year": 2025,
              "date": "2025-03-17"
            },
            {
              "year": 2026,
              "date": "2026-03-17"
            }
          ]
        },
        {
          "id": "easter_sunday",
          "name": "Easter Sunday",
          "type": "public",
          "dates": [
            {
              "year": 2025,
              "date": "2025-04-20"
            },
            {
              "year": 2026,
              "date": "2026-04-05"
            }
          ]
        },
        {
          "id": "easter_monday",
          "name": "Easter Monday",
          "type": "public",
          "dates": [
            {
              "year": 2025,
              "date": "2025-04-21"
            },
            {
              "year": 2026,
              "date": "2026-04-06"
            }
          ]
        },
        {
          "id": "may_day",
          "name": "May Day",
          "type": "public",
          "dates": [
            {
              "year": 2025,
              "date": "2025-05-05"
            },
            {
              "year": 2026,
              "date": "2026-05-04"
            }
          ]
        },
        {
          "id": "first_monday_in_june",
          "name": "First Monday in June",
          "type": "public",
          "dates": [
            {
              "year": 2025,
              "date": "2025-06-02"
            },
            {
              "year": 2026,
              "date": "2026-06-01"
            }
          ]
        },
        {
          "id": "first_monday_in_august",
          "name": "First Monday in August",
          "type": "public",
          "dates": [
            {
              "year": 2025,
              "date": "2025-08-04"
            },
            {
              "year": 2026,
              "date": "2026-08-03"
            }
          ]
        },
        {
          "id": "october_bank_holiday",
          "name": "October Bank Holiday",
          "type": "public",
          "dates": [
            {
              "year": 2025,
              "date": "2025-10-27"
            },
            {
              "year": 2026,
              "date": "2026-10-26"
            }
          ]
        },
        {
          "id": "christmas_day",
          "name": "Christmas Day",
          "type": "public",
          "dates": [
            {
              "year": 2025,
              "date": "2025-12-25"
            },
            {
              "year": 2026,
              "date": "2026-12-25"
            }
          ]
        },
        {
          "id": "st_stephens_day",
          "name": "St. Stephen's Day",
          "type": "public",
          "dates": [
            {
              "year": 2025,
              "date": "2025-12-26"
            },
            {
              "year": 2026,
              "date": "2026-12-26"
            }
          ]
        }
      ]
    },
    {
      "code": "NZ",
      "name": "New Zealand",
      "holidays": [
        {
          "id": "new_years_day",
          "name": "New Year's Day",
          "type": "public",
          "dates": [
            {
              "year": 2025,
              "date": "2025-01-01"
            },
            {
              "year": 2026,
              "date": "2026-01-01"
            }
          ]
        },
        {
          "id": "day_after_new_years_day",
          "name": "Day after New Year's Day",
          "type": "public",
          "dates": [
            {
              "year": 2025,
              "date": "2025-01-02"
            },
            {
              "year": 2026,
              "date": "2026-01-02"
            }
          ]
        },
        {
          "id": "waitangi_day",
          "name": "Waitangi Day",
          "type": "public",
          "dates": [
            {
              "year": 2025,
              "date": "2025-02-06"
            },
            {
              "year": 2026,
              "date": "2026-02-06"
            }
          ]
        },
        {
          "id": "good_friday",
          "name": "Good Friday",
          "type": "public",
          "dates": [
            {
              "year": 2025,
              "date": "2025-04-18"
            },
            {
              "year": 2026,
              "date": "2026-04-03"
            }
          ]
        },
        {
          "id": "easter_monday",
          "name": "Easter Monday",
          "type": "public",
          "dates": [
            {
              "year": 2025,
              "date": "2025-04-21"
            },
            {
              "year": 2026,
              "date": "2026-04-06"
            }
          ]
        },
        {
          "id": "anzac_day",
          "name": "ANZAC Day",
          "type": "public",
          "dates": [
            {
              "year": 2025,
              "date": "2025-04-25"
            },
            {
              "year": 2026,
              "date": "2026-04-25"
            }
          ]
        },
        {
          "id": "kings_birthday",
          "name": "King's Birthday",
          "type": "public",
          "dates": [
            {
              "year": 2025,
              "date": "2025-06-02"
            },
            {
              "year": 2026,
              "date": "2026-06-01"
            }
          ]
        },
        {
          "id": "matariki",
          "name": "Matariki",
          "type": "public",
          "dates": [
            {
              "year": 2025,
              "date": "2025-06-20"
            },
            {
              "year": 2026,
              "date": "2026-07-10"
            }
          ]
        },
        {
          "id": "labour_day",
          "name": "Labour Day",
          "type": "public",
          "dates": [
            {
              "year": 2025,
              "date": "2025-10-27"
            },
            {
              "year": 2026,
              "date": "2026-10-26"
            }
          ]
        },
        {
          "id": "christmas_day",
          "name": "Christmas Day",
          "type": "public",
          "dates": [
            {
              "year": 2025,
              "date": "2025-12-25"
            },
            {
              "year": 2026,
              "date": "2026-12-25"
            }
          ]
        },
        {
          "id": "boxing_day",
          "name": "Boxing Day",
          "type": "public",
          "dates": [
            {
              "year": 2025,
              "date": "2025-12-26"
            },
            {
              "year": 2026,
              "date": "2026-12-26"
            }
          ]
        },
        {
          "id": "anzac_day_substitute_day",
          "name": "ANZAC Day (substitute day)",
          "type": "public",
          "dates": [
            {
              "year": 2026,
              "date": "2026-04-27"
            }
          ]
        },
        {
          "id": "boxing_day_substitute_day",
          "name": "Boxing Day (substitute day)",
          "type": "public",
          "dates": [
            {
              "year": 2026,
              "date": "2026-12-28"
            }
          ]
        }
      ]
    },
    {
      "code": "SE",
      "name": "Sweden",
      "holidays": [
        {
          "id": "nyrsdagen",
          "name": "Nyårsdagen",
          "type": "public",
          "dates": [
            {
              "year": 2025,
              "date": "2025-01-01"
            },
            {
              "year": 2026,
              "date": "2026-01-01"
            }
          ]
        },
        {
          "id": "trettondedag_jul",
          "name": "Trettondedag jul",
          "type": "public",
          "dates": [
            {
              "year": 2025,
              "date": "2025-01-06"
            },
            {
              "year": 2026,
              "date": "2026-01-06"
            }
          ]
        },
        {
          "id": "lngfredagen",
          "name": "Långfredagen",
          "type": "public",
          "dates": [
            {
              "year": 2025,
              "date": "2025-04-18"
            },
            {
              "year": 2026,
              "date": "2026-04-03"
            }
          ]
        },
        {
          "id": "pskdagen",
          "name": "Påskdagen",
          "type": "public",
          "dates": [
            {
              "year": 2025,
              "date": "2025-04-20"
            },
            {
              "year": 2026,
              "date": "2026-04-05"
            }
          ]
        },
        {
          "id": "annandag_psk",
          "name": "Annandag påsk",
          "type": "public",
          "dates": [
            {
              "year": 2025,
              "date": "2025-04-21"
            },
            {
              "year": 2026,
              "date": "2026-04-06"
            }
          ]
        },
        {
          "id": "frsta_maj",
          "name": "Första Maj",
          "type": "public",
          "dates": [
            {
              "year": 2025,
              "date": "2025-05-01"
            },
            {
              "year": 2026,
              "date": "2026-05-01"
            }
          ]
        },
        {
          "id": "kristi_himmelfrdsdag",
          "name": "Kristi himmelfärdsdag",
          "type": "public",
          "dates": [
            {
              "year": 2025,
              "date": "2025-05-29"
            },
            {
              "year": 2026,
              "date": "2026-05-14"
            }
          ]
        },
        {
          "id": "sveriges_nationaldag",
          "name": "Sveriges nationaldag",
          "type": "public",
          "dates": [
            {
              "year": 2025,
              "date": "2025-06-06"
            },
            {
              "year": 2026,
              "date": "2026-06-06"
            }
          ]
        },
        {
          "id": "pingstdagen",
          "name": "Pingstdagen",
          "type": "public",
          "dates": [
            {
              "year": 2025,
              "date": "2025-06-08"
            },
            {
              "year": 2026,
              "date": "2026-05-24"
            }
          ]
        },
        {
          "id": "midsommardagen",
          "name": "Midsommardagen",
          "type": "public",
          "dates": [
            {
              "year": 2025,
              "date": "2025-06-21"
            },
            {
              "year": 2026,
              "date": "2026-06-20"
            }
          ]
        },
        {
          "id": "alla_helgons_dag",
          "name": "Alla Helgons dag",
          "type": "public",
          "dates": [
            {
              "year": 2025,
              "date": "2025-11-01"
            },
            {
              "year": 2026,
              "date": "2026-10-31"
            }
          ]
        },
        {
          "id": "juldagen",
          "name": "Juldagen",
          "type": "public",
          "dates": [
            {
              "year": 2025,
              "date": "2025-12-25"
            },
            {
              "year": 2026,
              "date": "2026-12-25"
            }
          ]
        },
        {
          "id": "annandag_jul",
          "name": "Annandag jul",
          "type": "public",
          "dates": [
            {
              "year": 2025,
              "date": "2025-12-26"
            },
            {
              "year": 2026,
              "date": "2026-12-26"
            }
          ]
        }
      ]
    },
    {
      "code": "NO",
      "name": "Norway",
      "holidays": [
        {
          "id": "frste_nyttrsdag",
          "name": "Første nyttårsdag",
          "type": "public",
          "dates": [
            {
              "year": 2025,
              "date": "2025-01-01"
            },
            {
              "year": 2026,
              "date": "2026-01-01"
            }
          ]
        },
        {
          "id": "skjrtorsdag",
          "name": "Skjærtorsdag",
          "type": "public",
          "dates": [
            {
              "year": 2025,
              "date": "2025-04-17"
            },
            {
              "year": 2026,
              "date": "2026-04-02"
            }
          ]
        },
        {
          "id": "langfredag",
          "name": "Langfredag",
          "type": "public",
          "dates": [
            {
              "year": 2025,
              "date": "2025-04-18"
            },
            {
              "year": 2026,
              "date": "2026-04-03"
            }
          ]
        },
        {
          "id": "frste_pskedag",
          "name": "Første påskedag",
          "type": "public",
          "dates": [
            {
              "year": 2025,
              "date": "2025-04-20"
            },
            {
              "year": 2026,
              "date": "2026-04-05"
            }
          ]
        },
        {
          "id": "andre_pskedag",
          "name": "Andre påskedag",
          "type": "public",
          "dates": [
            {
              "year": 2025,
              "date": "2025-04-21"
            },
            {
              "year": 2026,
              "date": "2026-04-06"
            }
          ]
        },
        {
          "id": "arbeidernes_dag",
          "name": "Arbeidernes dag",
          "type": "public",
          "dates": [
            {
              "year": 2025,
              "date": "2025-05-01"
            },
            {
              "year": 2026,
              "date": "2026-05-01"
            }
          ]
        },
        {
          "id": "grunnlovsdagen",
          "name": "Grunnlovsdagen",
          "type": "public",
          "dates": [
            {
              "year": 2025,
              "date": "2025-05-17"
            },
            {
              "year": 2026,
              "date": "2026-05-17"
            }
          ]
        },
        {
          "id": "kristi_himmelfartsdag",
          "name": "Kristi himmelfartsdag",
          "type": "public",
          "dates": [
            {
              "year": 2025,
              "date": "2025-05-29"
            },
            {
              "year": 2026,
              "date": "2026-05-14"
            }
          ]
        },
        {
          "id": "frste_pinsedag",
          "name": "Første pinsedag",
          "type": "public",
          "dates": [
            {
              "year": 2025,
              "date": "2025-06-08"
            },
            {
              "year": 2026,
              "date": "2026-05-24"
            }
          ]
        },
        {
          "id": "andre_pinsedag",
          "name": "Andre pinsedag",
          "type": "public",
          "dates": [
            {
              "year": 2025,
              "date": "2025-06-09"
            },
            {
              "year": 2026,
              "date": "2026-05-25"
            }
          ]
        },
        {
          "id": "frste_juledag",
          "name": "Første Juledag",
          "type": "public",
          "dates": [
            {
              "year": 2025,
              "date": "2025-12-25"
            },
            {
              "year": 2026,
              "date": "2026-12-25"
            }
          ]
        },
        {
          "id": "andre_juledag",
          "name": "Andre juledag",
          "type": "public",
          "dates": [
            {
              "year": 2025,
              "date": "2025-12-26"
            },
            {
              "year": 2026,
              "date": "2026-12-26"
            }
          ]
        }
      ]
    },
    {
      "code": "DK",
      "name": "Denmark",
      "holidays": [
        {
          "id": "nytr",
          "name": "Nytår",
          "type": "public",
          "dates": [
            {
              "year": 2025,
              "date": "2025-01-01"
            },
            {
              "year": 2026,
              "date": "2026-01-01"
            }
          ]
        },
        {
          "id": "skrtorsdag",
          "name": "Skærtorsdag",
          "type": "public",
          "dates": [
            {
              "year": 2025,
              "date": "2025-04-17"
            },
            {
              "year": 2026,
              "date": "2026-04-02"
            }
          ]
        },
        {
          "id": "langfredag",
          "name": "Langfredag",
          "type": "public",
          "dates": [
            {
              "year": 2025,
              "date": "2025-04-18"
            },
            {
              "year": 2026,
              "date": "2026-04-03"
            }
          ]
        },
        {
          "id": "pskesndag",
          "name": "Påskesøndag",
          "type": "public",
          "dates": [
            {
              "year": 2025,
              "date": "2025-04-20"
            },
            {
              "year": 2026,
              "date": "2026-04-05"
            }
          ]
        },
        {
          "id": "anden_pskedag",
          "name": "Anden påskedag",
          "type": "public",
          "dates": [
            {
              "year": 2025,
              "date": "2025-04-21"
            },
            {
              "year": 2026,
              "date": "2026-04-06"
            }
          ]
        },
        {
          "id": "kristi_himmelfartsdag",
          "name": "Kristi Himmelfartsdag",
          "type": "public",
          "dates": [
            {
              "year": 2025,
              "date": "2025-05-29"
            },
            {
              "year": 2026,
              "date": "2026-05-14"
            }
          ]
        },
        {
          "id": "pinsedag",
          "name": "Pinsedag",
          "type": "public",
          "dates": [
            {
              "year": 2025,
              "date": "2025-06-08"
            },
            {
              "year": 2026,
              "date": "2026-05-24"
            }
          ]
        },
        {
          "id": "anden_pinsedag",
          "name": "Anden Pinsedag",
          "type": "public",
          "dates": [
            {
              "year": 2025,
              "date": "2025-06-09"
            },
            {
              "year": 2026,
              "date": "2026-05-25"
            }
          ]
        },
        {
          "id": "juledag",
          "name": "Juledag",
          "type": "public",
          "dates": [
            {
              "year": 2025,
              "date": "2025-12-25"
            },
            {
              "year": 2026,
              "date": "2026-12-25"
            }
          ]
        },
        {
          "id": "anden_juledag",
          "name": "Anden Juledag",
          "type": "public",
          "dates": [
            {
              "year": 2025,
              "date": "2025-12-26"
            },
            {
              "year": 2026,
              "date": "2026-12-26"
            }
          ]
        }
      ]
    },
    {
      "code": "BE",
      "name": "Belgium",
      "holidays": [
        {
          "id": "nouvel_an",
          "name": "Nouvel An",
          "type": "public",
          "dates": [
            {
              "year": 2025,
              "date": "2025-01-01"
            },
            {
              "year": 2026,
              "date": "2026-01-01"
            }
          ]
        },
        {
          "id": "lundi_de_pques",
          "name": "Lundi de Pâques",
          "type": "public",
          "dates": [
            {
              "year": 2025,
              "date": "2025-04-21"
            },
            {
              "year": 2026,
              "date": "2026-04-06"
            }
          ]
        },
        {
          "id": "fte_du_travail",
          "name": "Fête du travail",
          "type": "public",
          "dates": [
            {
              "year": 2025,
              "date": "2025-05-01"
            },
            {
              "year": 2026,
              "date": "2026-05-01"
            }
          ]
        },
        {
          "id": "ascension",
          "name": "Ascension",
          "type": "public",
          "dates": [
            {
              "year": 2025,
              "date": "2025-05-29"
            },
            {
              "year": 2026,
              "date": "2026-05-14"
            }
          ]
        },
        {
          "id": "lundi_de_pentecte",
          "name": "Lundi de Pentecôte",
          "type": "public",
          "dates": [
            {
              "year": 2025,
              "date": "2025-06-09"
            },
            {
              "year": 2026,
              "date": "2026-05-25"
            }
          ]
        },
        {
          "id": "fte_nationale",
          "name": "Fête nationale",
          "type": "public",
          "dates": [
            {
              "year": 2025,
              "date": "2025-07-21"
            },
            {
              "year": 2026,
              "date": "2026-07-21"
            }
          ]
        },
        {
          "id": "assomption",
          "name": "Assomption",
          "type": "public",
          "dates": [
            {
              "year": 2025,
              "date": "2025-08-15"
            },
            {
              "year": 2026,
              "date": "2026-08-15"
            }
          ]
        },
        {
          "id": "toussaint",
          "name": "Toussaint",
          "type": "public",
          "dates": [
            {
              "year": 2025,
              "date": "2025-11-01"
            },
            {
              "year": 2026,
              "date": "2026-11-01"
            }
          ]
        },
        {
          "id": "armistice",
          "name": "Armistice",
          "type": "public",
          "dates": [
            {
              "year": 2025,
              "date": "2025-11-11"
            },
            {
              "year": 2026,
              "date": "2026-11-11"
            }
          ]
        },
        {
          "id": "nol",
          "name": "Noël",
          "type": "public",
          "dates": [
            {
              "year": 2025,
              "date": "2025-12-25"
            },
            {
              "year": 2026,
              "date": "2026-12-25"
            }
          ]
        }
      ]
    },
    {
      "code": "AT",
      "name": "Austria",
      "holidays": [
        {
          "id": "neujahr",
          "name": "Neujahr",
          "type": "public",
          "dates": [
            {
              "year": 2025,
              "date": "2025-01-01"
            },
            {
              "year": 2026,
              "date": "2026-01-01"
            }
          ]
        },
        {
          "id": "heilige_drei_knige",
          "name": "Heilige Drei Könige",
          "type": "public",
          "dates": [
            {
              "year": 2025,
              "date": "2025-01-06"
            },
            {
              "year": 2026,
              "date": "2026-01-06"
            }
          ]
        },
        {
          "id": "ostersonntag",
          "name": "Ostersonntag",
          "type": "public",
          "dates": [
            {
              "year": 2025,
              "date": "2025-04-20"
            },
            {
              "year": 2026,
              "date": "2026-04-05"
            }
          ]
        },
        {
          "id": "ostermontag",
          "name": "Ostermontag",
          "type": "public",
          "dates": [
            {
              "year": 2025,
              "date": "2025-04-21"
            },
            {
              "year": 2026,
              "date": "2026-04-06"
            }
          ]
        },
        {
          "id": "staatsfeiertag",
          "name": "Staatsfeiertag",
          "type": "public",
          "dates": [
            {
              "year": 2025,
              "date": "2025-05-01"
            },
            {
              "year": 2026,
              "date": "2026-05-01"
            }
          ]
        },
        {
          "id": "christi_himmelfahrt",
          "name": "Christi Himmelfahrt",
          "type": "public",
          "dates": [
            {
              "year": 2025,
              "date": "2025-05-29"
            },
            {
              "year": 2026,
              "date": "2026-05-14"
            }
          ]
        },
        {
          "id": "pfingstsonntag",
          "name": "Pfingstsonntag",
          "type": "public",
          "dates": [
            {
              "year": 2025,
              "date": "2025-06-08"
            },
            {
              "year": 2026,
              "date": "2026-05-24"
            }
          ]
        },
        {
          "id": "pfingstmontag",
          "name": "Pfingstmontag",
          "type": "public",
          "dates": [
            {
              "year": 2025,
              "date": "2025-06-09"
            },
            {
              "year": 2026,
              "date": "2026-05-25"
            }
          ]
        },
        {
          "id": "fronleichnam",
          "name": "Fronleichnam",
          "type": "public",
          "dates": [
            {
              "year": 2025,
              "date": "2025-06-19"
            },
            {
              "year": 2026,
              "date": "2026-06-04"
            }
          ]
        },
        {
          "id": "mari_himmelfahrt",
          "name": "Mariä Himmelfahrt",
          "type": "public",
          "dates": [
            {
              "year": 2025,
              "date": "2025-08-15"
            },
            {
              "year": 2026,
              "date": "2026-08-15"
            }
          ]
        },
        {
          "id": "nationalfeiertag",
          "name": "Nationalfeiertag",
          "type": "public",
          "dates": [
            {
              "year": 2025,
              "date": "2025-10-26"
            },
            {
              "year": 2026,
              "date": "2026-10-26"
            }
          ]
        },
        {
          "id": "allerheiligen",
          "name": "Allerheiligen",
          "type": "public",
          "dates": [
            {
              "year": 2025,
              "date": "2025-11-01"
            },
            {
              "year": 2026,
              "date": "2026-11-01"
            }
          ]
        },
        {
          "id": "mari_empfngnis",
          "name": "Mariä Empfängnis",
          "type": "public",
          "dates": [
            {
              "year": 2025,
              "date": "2025-12-08"
            },
            {
              "year": 2026,
              "date": "2026-12-08"
            }
          ]
        },
        {
          "id": "christtag",
          "name": "Christtag",
          "type": "public",
          "dates": [
            {
              "year": 2025,
              "date": "2025-12-25"
            },
            {
              "year": 2026,
              "date": "2026-12-25"
            }
          ]
        },
        {
          "id": "stefanitag",
          "name": "Stefanitag",
          "type": "public",
          "dates": [
            {
              "year": 2025,
              "date": "2025-12-26"
            },
            {
              "year": 2026,
              "date": "2026-12-26"
            }
          ]
        }
      ]
    },
    {
      "code": "CH",
      "name": "Switzerland",
      "holidays": [
        {
          "id": "neujahr",
          "name": "Neujahr",
          "type": "public",
          "dates": [
            {
              "year": 2025,
              "date": "2025-01-01"
            },
            {
              "year": 2026,
              "date": "2026-01-01"
            }
          ]
        },
        {
          "id": "karfreitag",
          "name": "Karfreitag",
          "type": "public",
          "dates": [
            {
              "year": 2025,
              "date": "2025-04-18"
            },
            {
              "year": 2026,
              "date": "2026-04-03"
            }
          ]
        },
        {
          "id": "ostersonntag",
          "name": "Ostersonntag",
          "type": "public",
          "dates": [
            {
              "year": 2025,
              "date": "2025-04-20"
            },
            {
              "year": 2026,
              "date": "2026-04-05"
            }
          ]
        },
        {
          "id": "ostermontag",
          "name": "Ostermontag",
          "type": "public",
          "dates": [
            {
              "year": 2025,
              "date": "2025-04-21"
            },
            {
              "year": 2026,
              "date": "2026-04-06"
            }
          ]
        },
        {
          "id": "auffahrt",
          "name": "Auffahrt",
          "type": "public",
          "dates": [
            {
              "year": 2025,
              "date": "2025-05-29"
            },
            {
              "year": 2026,
              "date": "2026-05-14"
            }
          ]
        },
        {
          "id": "pfingstsonntag",
          "name": "Pfingstsonntag",
          "type": "public",
          "dates": [
            {
              "year": 2025,
              "date": "2025-06-08"
            },
            {
              "year": 2026,
              "date": "2026-05-24"
            }
          ]
        },
        {
          "id": "pfingstmontag",
          "name": "Pfingstmontag",
          "type": "public",
          "dates": [
            {
              "year": 2025,
              "date": "2025-06-09"
            },
            {
              "year": 2026,
              "date": "2026-05-25"
            }
          ]
        },
        {
          "id": "bundesfeiertag",
          "name": "Bundesfeiertag",
          "type": "public",
          "dates": [
            {
              "year": 2025,
              "date": "2025-08-01"
            },
            {
              "year": 2026,
              "date": "2026-08-01"
            }
          ]
        },
        {
          "id": "eidg_dank_buss_und_bettag",
          "name": "Eidg. Dank-, Buss- und Bettag",
          "type": "public",
          "dates": [
            {
              "year": 2025,
              "date": "2025-09-21"
            },
            {
              "year": 2026,
              "date": "2026-09-20"
            }
          ]
        },
        {
          "id": "weihnachtstag",
          "name": "Weihnachtstag",
          "type": "public",
          "dates": [
            {
              "year": 2025,
              "date": "2025-12-25"
            },
            {
              "year": 2026,
              "date": "2026-12-25"
            }
          ]
        },
        {
          "id": "stephanstag",
          "name": "Stephanstag",
          "type": "public",
          "dates": [
            {
              "year": 2025,
              "date": "2025-12-26"
            },
            {
              "year": 2026,
              "date": "2026-12-26"
            }
          ]
        }
      ]
    }
  ]
}
